83000,1,1
95000,2,2
91000,3,3
81000,2,3
27500,1,4
49000,2,4
103000,1,6
95000,2,7
47000,3,8
71000,2,9
55000,3,13
40000,2,14
111000,2,17
125000,2,18
99000,2,19
712500,2,20
87000,2,20
123000,2,22
107000,1,25
81000,1,25
51000,2,26
59000,3,27
150000,3,29
113000,3,30
55000,3,31
91000,2,37
135000,2,38
83000,1,41
59000,2,43
525000,2,44
40000,2,46
95000,2,47
129000,3,47
27500,3,50
89000,3,53
337500,3,55
129000,3,57
129000,2,60
712500,2,62
55000,1,62
81000,1,62
47000,2,63
77000,3,65
75000,2,66
83000,3,67
51000,2,67
61000,1,68
89000,2,70
127000,3,73
87000,3,73
77000,3,73
40000,3,74
89000,3,77
89000,3,77
129000,3,79
47000,2,84
127000,2,85
119000,2,91
150000,1,91
129000,1,96
40000,1,96
97000,2,97
61000,2,99
45000,2,100
73000,2,103
45000,2,103
97000,1,105
712500,2,107
15000,3,112
129000,2,113
115000,1,116
109000,2,117
111000,1,118
67000,2,121
49000,3,121
83000,2,121
65000,3,124
125000,2,124
85000,2,127
73000,2,131
113000,2,131
93000,2,135
95000,2,137
117000,2,139
81000,1,143
99000,1,144
89000,2,145
65000,3,146
101000,3,149
79000,3,152
900000,3,152
99000,2,153
115000,2,155
150000,1,156
83000,2,157
40000,2,158
89000,2,161
123000,2,161
109000,3,162
71000,3,164
105000,3,165
117000,3,168
89000,3,168
109000,2,168
55000,2,175
77000,1,177
83000,1,178
109000,2,182
129000,3,185
111000,2,190
55000,3,194
93000,2,198
63000,1,201
115000,2,206
53000,3,207
111000,3,207
61000,3,211
63000,3,212
65000,3,213
87000,3,213
121000,3,217
75000,2,217
129000,2,218
121000,2,221
65000,1,226
119000,1,226
55000,1,231
40000,2,231
117000,2,234
103000,2,236
47000,2,237
79000,1,240
95000,2,241
117000,3,245
71000,2,245
123000,1,248
75000,2,249
71000,1,251
150000,2,253
85000,3,256
45000,2,257
47000,3,260
525000,2,262
47000,2,263
121000,2,264
65000,2,269
81000,2,269
67000,2,271
55000,2,272
53000,1,273
51000,1,274
127000,2,274
125000,3,276
87000,3,281
109000,3,282
900000,3,282
45000,2,284
525000,2,284
113000,1,288
61000,2,290
45000,2,293
75000,2,293
117000,2,298
113000,3,300
45000,3,304
93000,3,308
712500,3,309
45000,3,312
115000,2,312
99000,2,313
119000,1,313
105000,1,314
40000,2,315
87000,3,316
89000,2,316
59000,3,318
125000,2,320
113000,1,321
125000,2,322
99000,3,327
67000,3,328
87000,3,330
105000,3,331
71000,3,334
99000,3,334
107000,3,336
27500,2,336
103000,2,339
111000,2,341
111000,1,341
81000,1,342
111000,1,347
121000,2,348
150000,2,350
125000,2,351
115000,2,354
67000,2,355
65000,1,357
113000,2,357
119000,3,358
712500,2,359
73000,1,361
83000,2,362
63000,1,363
103000,2,368
51000,3,370
900000,2,373
105000,3,374
123000,2,375
119000,2,375
47000,2,375
83000,2,376
525000,2,379
81000,2,380
85000,2,382
109000,1,382
712500,1,382
97000,2,386
45000,3,386
101000,3,387
40000,3,388
103000,3,388
89000,2,388
135000,2,391
93000,1,391
75000,2,394
95000,2,394
89000,2,394
81000,2,394
15000,3,397
525000,3,399
93000,3,401
125000,3,404
900000,3,405
103000,2,405
83000,2,406
89000,1,406
77000,1,410
77000,2,411
71000,3,411
45000,2,413
103000,3,418
49000,2,418
45000,1,420
75000,2,426
115000,3,428
93000,3,428
121000,3,430
65000,3,430
65000,3,433
95000,3,433
127000,3,434
93000,2,435
99000,2,437
93000,2,437
119000,1,440
49000,1,440
121000,1,443
105000,2,445
105000,2,445
71000,2,446
65000,2,450
525000,1,452
93000,2,452
150000,3,455
59000,2,457
87000,1,457
67000,2,459
91000,1,462
55000,2,463
49000,3,465
113000,2,465
125000,3,466
79000,2,466
97000,2,468
83000,2,469
83000,2,470
900000,2,470
65000,2,471
65000,2,472
135000,1,476
95000,1,477
97000,2,477
127000,3,479
95000,3,480
85000,3,482
109000,3,487
95000,2,488
65000,2,488
51000,1,491
99000,2,492
111000,2,493
73000,2,494
121000,2,494
87000,3,497
73000,3,499
105000,3,499
85000,3,504
101000,3,504
127000,2,508
85000,2,510
27500,1,510
81000,1,516
115000,2,519
91000,3,522
103000,2,522
900000,3,523
123000,2,523
103000,1,524
73000,2,526
45000,3,527
65000,3,529
127000,3,530
123000,3,531
89000,3,531
85000,3,535
63000,3,535
105000,2,536
119000,2,542
85000,2,543
53000,1,543
99000,1,546
115000,1,549
105000,2,549
150000,2,552
105000,2,553
150000,2,558
150000,2,558
123000,1,560
77000,2,561
900000,3,562
71000,2,564
150000,1,565
51000,2,573
65000,1,573
95000,2,575
115000,3,577
99000,2,579
121000,3,579
95000,2,580
135000,2,580
49000,2,581
40000,2,582
129000,2,583
85000,2,583
712500,2,584
85000,1,586
27500,1,587
712500,2,592
59000,3,592
121000,3,593
61000,3,594
91000,3,597
61000,2,598
81000,2,600
712500,1,600
117000,2,601
129000,2,603
109000,2,604
40000,2,605
121000,3,606
101000,3,607
525000,3,609
125000,3,610
59000,3,611
40000,2,612
99000,2,615
40000,1,615
59000,1,620
99000,2,621
525000,3,623
49000,2,624
337500,3,627
73000,2,627
45000,1,628
85000,2,633
150000,3,634
127000,3,638
135000,3,640
111000,3,640
79000,3,643
105000,3,643
117000,3,644
113000,2,645
113000,2,645
75000,2,646
91000,1,647
117000,1,648
95000,1,649
99000,2,655
111000,2,655
121000,2,656
115000,2,656
79000,1,657
109000,2,659
47000,3,660
135000,2,660
47000,1,662
89000,2,663
81000,1,664
95000,2,666
89000,3,666
525000,2,666
117000,3,667
93000,2,670
119000,2,671
85000,2,673
121000,2,673
81000,2,674
87000,2,678
85000,2,680
135000,1,681
135000,1,681
129000,2,682
67000,3,682
27500,3,683
59000,3,687
40000,3,689
83000,2,692
71000,2,694
75000,1,694
125000,2,696
53000,2,697
47000,2,701
79000,2,704
83000,3,707
83000,3,708
53000,3,710
99000,3,710
127000,3,711
109000,2,711
83000,2,713
89000,1,714
77000,1,714
123000,2,717
712500,3,717
89000,2,723
121000,3,724
61000,2,724
337500,1,725
27500,2,725
712500,3,726
117000,3,729
87000,3,729
712500,3,730
712500,3,730
150000,3,731
121000,3,732
67000,2,733
93000,2,737
107000,2,738
121000,1,739
115000,1,739
109000,1,742
900000,2,743
101000,2,745
79000,2,745
101000,2,746
91000,2,749
15000,1,752
97000,2,755
67000,3,758
59000,2,761
53000,1,761
67000,2,762
55000,1,762
63000,2,764
81000,3,770
117000,2,772
61000,3,775
40000,2,778
111000,2,779
101000,2,782
113000,2,784
67000,2,786
900000,2,787
65000,2,794
55000,1,795
87000,1,797
107000,2,797
121000,3,797
65000,3,801
65000,3,801
101000,3,802
119000,2,803
59000,2,804
99000,1,806
51000,2,807
81000,2,807
119000,2,807
15000,2,808
125000,3,809
59000,3,810
77000,3,811
83000,3,815
79000,3,816
95000,2,819
53000,2,821
77000,1,821
79000,1,822
93000,2,823
87000,3,823
67000,2,826
95000,3,832
67000,2,833
117000,1,834
85000,2,836
525000,3,838
111000,3,839
79000,3,839
91000,3,839
73000,3,841
47000,3,841
95000,3,841
65000,2,842
91000,2,843
65000,2,844
49000,1,846
91000,1,848
103000,1,849
113000,2,853
109000,2,856
40000,2,857
99000,2,858
101000,1,860
121000,2,860
109000,3,862
119000,2,866
111000,1,868
67000,2,871
900000,1,872
85000,2,872
119000,3,873
105000,2,873
27500,3,873
75000,2,874
115000,2,875
65000,2,876
55000,2,877
101000,2,879
125000,2,880
121000,2,885
119000,1,889
63000,1,889
65000,2,891
115000,3,893
45000,3,893
113000,3,893
65000,3,893
900000,2,900
77000,2,901
79000,1,901
123000,2,903
53000,2,903
125000,2,908
55000,2,908
111000,3,908
55000,3,910
107000,3,910
65000,3,911
125000,3,911
65000,2,915
61000,2,916
40000,1,917
125000,1,917
63000,2,918
51000,3,919
89000,2,921
83000,3,922
117000,2,926
27500,1,930
129000,2,932
113000,3,934
61000,3,936
150000,3,936
71000,3,937
93000,3,938
65000,3,939
525000,3,944
117000,2,944
95000,2,947
105000,2,947
59000,1,948
97000,1,950
111000,1,955
93000,2,955
150000,2,956
15000,2,957
59000,2,957
79000,2,960
89000,1,961
525000,2,962
83000,3,963
91000,2,963
83000,1,966
49000,2,967
87000,1,967
27500,2,970
15000,3,970
111000,2,970
79000,3,971
83000,2,974
53000,2,976
27500,2,977
113000,2,980
97000,2,982
61000,2,982
119000,2,983
87000,1,987
91000,1,988
45000,2,991
103000,3,993
59000,3,999
65000,3,1003
111000,3,1003
55000,2,1003
103000,2,1004
117000,1,1004
109000,2,1005
99000,2,1006
121000,2,1006
59000,2,1011
113000,3,1012
111000,3,1013
111000,3,1015
900000,3,1016
337500,3,1018
117000,2,1018
119000,2,1019
71000,1,1019
123000,1,1021
525000,2,1023
111000,3,1026
127000,2,1027
77000,3,1029
27500,2,1030
77000,1,1031
127000,2,1033
53000,3,1036
89000,3,1037
75000,3,1037
45000,3,1039
99000,3,1042
127000,3,1044
87000,3,1045
45000,2,1045
101000,2,1045
101000,2,1045
49000,1,1049
99000,1,1049
127000,1,1049
49000,2,1050
77000,2,1051
135000,2,1051
150000,2,1052
47000,1,1052
525000,2,1053
63000,3,1055
71000,2,1056
135000,1,1056
47000,2,1057
65000,1,1059
71000,2,1059
65000,3,1060
77000,2,1060
117000,3,1062
712500,2,1064
101000,2,1065
75000,2,1068
125000,2,1068
103000,2,1071
121000,2,1071
127000,2,1072
101000,1,1076
40000,1,1079
49000,2,1080
117000,3,1088
129000,3,1088
55000,3,1089
47000,3,1091
63000,2,1093
95000,2,1096
87000,1,1097
121000,2,1098
95000,2,1099
65000,2,1101
77000,2,1101
109000,3,1102
49000,3,1103
127000,3,1104
121000,3,1109
40000,3,1112
77000,2,1124
61000,2,1126
337500,1,1129
61000,1,1131
63000,2,1131
125000,3,1134
117000,2,1135
67000,3,1136
107000,2,1136
61000,1,1137
53000,2,1137
150000,3,1142
101000,3,1143
337500,3,1144
75000,3,1147
93000,3,1147
77000,3,1148
87000,3,1150
111000,2,1153
105000,2,1154
105000,2,1157
73000,1,1158
117000,1,1160
53000,1,1162
105000,2,1166
135000,2,1167
61000,2,1168
67000,2,1170
51000,2,1170
49000,1,1179
81000,2,1181
95000,3,1183
129000,2,1185
65000,1,1187
81000,2,1187
53000,1,1189
109000,2,1189
150000,3,1189
119000,2,1190
63000,3,1193
109000,2,1194
337500,2,1197
15000,2,1201
129000,2,1203
95000,2,1203
101000,2,1204
125000,2,1204
63000,1,1205
105000,1,1206
95000,2,1209
15000,3,1209
125000,3,1210
77000,3,1213
65000,3,1213
93000,2,1215
150000,2,1216
77000,1,1217
135000,2,1220
49000,2,1221
49000,2,1221
45000,2,1221
119000,3,1225
712500,3,1226
79000,3,1232
91000,3,1235
150000,3,1237
77000,2,1237
67000,2,1239
67000,1,1240
119000,1,1242
83000,2,1245
40000,3,1248
87000,2,1248
81000,3,1248
113000,2,1250
93000,1,1250
81000,2,1254
135000,3,1263
51000,3,1264
81000,3,1266
712500,3,1268
337500,3,1271
59000,3,1277
115000,3,1277
119000,2,1280
900000,2,1283
117000,2,1284
115000,1,1285
93000,1,1292
49000,1,1294
81000,2,1295
79000,2,1297
93000,2,1299
45000,2,1299
51000,1,1300
79000,2,1300
73000,3,1303
712500,2,1310
87000,1,1311
125000,2,1312
95000,1,1312
129000,2,1313
81000,3,1314
53000,2,1314
87000,3,1314
103000,2,1315
135000,2,1315
73000,2,1316
111000,2,1319
99000,2,1319
91000,2,1320
111000,2,1323
53000,1,1323
125000,1,1324
900000,2,1324
27500,3,1325
55000,3,1325
79000,3,1327
95000,3,1327
900000,2,1329
71000,2,1332
85000,1,1334
115000,2,1335
71000,2,1339
101000,2,1339
27500,2,1342
75000,3,1343
135000,3,1344
81000,3,1347
115000,3,1349
75000,3,1349
712500,2,1351
125000,2,1354
109000,1,1354
79000,1,1355
95000,2,1356
101000,3,1363
150000,2,1364
49000,3,1368
55000,2,1370
107000,1,1371
81000,2,1371
89000,3,1371
900000,3,1371
99000,3,1373
113000,3,1377
91000,3,1378
71000,3,1381
47000,3,1382
61000,2,1384
65000,2,1386
73000,2,1386
85000,1,1387
107000,1,1388
65000,1,1389
83000,2,1389
79000,2,1390
75000,2,1391
115000,2,1391
123000,2,1392
81000,1,1393
49000,2,1397
79000,3,1400
900000,2,1402
67000,1,1404
103000,2,1404
85000,1,1408
900000,2,1409
115000,3,1409
55000,2,1412
53000,3,1412
85000,2,1413
49000,2,1415
119000,2,1416
93000,2,1416
127000,2,1417
109000,2,1418
900000,2,1421
51000,1,1422
119000,1,1426
89000,2,1426
117000,3,1433
85000,3,1433
109000,3,1435
71000,3,1436
49000,2,1437
337500,2,1439
87000,1,1440
337500,2,1441
109000,2,1448
121000,2,1449
59000,2,1449
101000,3,1456
83000,3,1459
75000,3,1459
27500,3,1460
150000,3,1460
47000,2,1462
900000,2,1467
71000,1,1469
111000,1,1471
73000,2,1472
15000,3,1474
79000,2,1475
99000,3,1476
71000,2,1477
127000,1,1481
119000,2,1483
55000,2,1486
525000,2,1486
97000,1,1487
525000,1,1491
91000,2,1491
125000,3,1495
59000,3,1496
103000,3,1502
51000,3,1502
93000,2,1503
113000,2,1503
67000,1,1505
115000,2,1508
73000,2,1510
129000,2,1510
63000,2,1512
89000,3,1513
150000,3,1513
103000,3,1515
129000,3,1516
135000,3,1516
40000,2,1517
89000,2,1522
63000,1,1522
127000,1,1523
105000,2,1524
107000,3,1524
99000,2,1528
65000,3,1528
95000,2,1528
103000,1,1528
89000,2,1530
55000,3,1532
93000,3,1532
45000,3,1534
85000,3,1534
119000,3,1537
47000,3,1539
55000,3,1540
129000,2,1540
40000,2,1541
103000,2,1541
49000,1,1542
119000,1,1544
55000,1,1544
51000,2,1544
83000,2,1544
15000,2,1545
93000,2,1546
712500,2,1548
87000,1,1549
105000,2,1551
85000,3,1553
63000,2,1554
71000,1,1555
49000,2,1555
79000,1,1558
115000,2,1559
121000,3,1559
97000,2,1561
127000,3,1561
129000,2,1561
109000,2,1562
49000,2,1563
105000,2,1566
45000,2,1567
95000,2,1570
712500,2,1570
900000,1,1574
65000,1,1574
45000,2,1575
119000,3,1580
113000,3,1584
900000,3,1588
127000,3,1589
135000,2,1591
77000,2,1591
97000,1,1592
77000,2,1593
103000,2,1593
900000,2,1594
113000,2,1595
135000,3,1595
59000,3,1595
127000,3,1596
135000,3,1599
47000,3,1603
15000,2,1603
81000,2,1605
59000,1,1605
101000,1,1607
81000,2,1607
97000,3,1611
900000,2,1612
65000,3,1615
75000,2,1616
123000,1,1617
337500,2,1617
97000,3,1618
73000,1,1619
