Workload,Tasks,Makespan_s,TotalCost_USD,DI,Runtime_ms
GoCJ (Real Trace),100,609.155800,1.18,0.290697,0.4579
Synthetic Uniform,100,159.803000,1.18,0.257418,0.5402
Synthetic Normal,100,160.972000,1.18,0.192441,0.8555
GoCJ (Real Trace),200,1064.229200,1.18,0.068059,1.9028
Synthetic Uniform,200,315.229000,1.18,0.285422,1.7461
Synthetic Normal,200,310.759000,1.18,0.209280,1.8238
GoCJ (Real Trace),500,2904.334000,1.18,0.070832,5.1796
Synthetic Uniform,500,761.260000,1.18,0.236219,1.7154
Synthetic Normal,500,771.651000,1.18,0.229929,1.5737
GoCJ (Real Trace),1000,5752.879200,2.36,0.041422,2.6282
Synthetic Uniform,1000,1490.103000,1.18,0.220231,3.0934
Synthetic Normal,1000,1539.644000,1.18,0.249951,2.3689
